{"time": 600000.0, "step": 1200, "state": "AWAKE", "da": 0.5469364720433164, "ser": 0.4667548582206393, "ach": 0.7344482421874403, "w_mean": 0.6262316912450488, "w_max": 2.0, "synapses": 390, "spikes": 