{"time": 150000.0, "step": 300, "state": "AWAKE", "da": 0.9976951571016273, "ser": 0.6358438736845867, "ach": 0.7999999374849722, "w_mean": 1.0, "w_max": 1.0, "synapses": 2500, "spikes": 